{
  "blazedemo/index.php-6" : {
    "transaction" : "blazedemo/index.php-6",
    "sampleCount" : 500,
    "errorCount" : 0,
    "errorPct" : 0.0,
    "meanResTime" : 2570.7880000000005,
    "medianResTime" : 2012.0,
    "minResTime" : 668.0,
    "maxResTime" : 11196.0,
    "pct1ResTime" : 5668.300000000004,
    "pct2ResTime" : 6757.199999999999,
    "pct3ResTime" : 10240.140000000005,
    "throughput" : 29.318634924357923,
    "receivedKBytesPerSec" : 65.41153514204879,
    "sentKBytesPerSec" : 13.227743491263048
  },
  "Total" : {
    "transaction" : "Total",
    "sampleCount" : 2000,
    "errorCount" : 0,
    "errorPct" : 0.0,
    "meanResTime" : 1692.1860000000001,
    "medianResTime" : 1190.5,
    "minResTime" : 408.0,
    "maxResTime" : 11196.0,
    "pct1ResTime" : 3230.0,
    "pct2ResTime" : 4752.549999999998,
    "pct3ResTime" : 7650.040000000002,
    "throughput" : 105.68590150073979,
    "receivedKBytesPerSec" : 247.93195190300676,
    "sentKBytesPerSec" : 67.57601953868104
  },
  "blazedemo/reserve.php-12" : {
    "transaction" : "blazedemo/reserve.php-12",
    "sampleCount" : 500,
    "errorCount" : 0,
    "errorPct" : 0.0,
    "meanResTime" : 1379.8679999999988,
    "medianResTime" : 993.0,
    "minResTime" : 408.0,
    "maxResTime" : 6070.0,
    "pct1ResTime" : 2466.100000000001,
    "pct2ResTime" : 3487.5,
    "pct3ResTime" : 5950.860000000001,
    "throughput" : 31.291069528756495,
    "receivedKBytesPerSec" : 72.50293598238314,
    "sentKBytesPerSec" : 19.831937621252894
  },
  "blazedemo/confirmation.php-18" : {
    "transaction" : "blazedemo/confirmation.php-18",
    "sampleCount" : 500,
    "errorCount" : 0,
    "errorPct" : 0.0,
    "meanResTime" : 1371.1560000000009,
    "medianResTime" : 1078.0,
    "minResTime" : 417.0,
    "maxResTime" : 6958.0,
    "pct1ResTime" : 2465.6000000000004,
    "pct2ResTime" : 3068.1,
    "pct3ResTime" : 5736.280000000007,
    "throughput" : 30.75219878221293,
    "receivedKBytesPerSec" : 71.57706404914201,
    "sentKBytesPerSec" : 24.325469739836397
  },
  "blazedemo/purchase.php-14" : {
    "transaction" : "blazedemo/purchase.php-14",
    "sampleCount" : 500,
    "errorCount" : 0,
    "errorPct" : 0.0,
    "meanResTime" : 1446.932,
    "medianResTime" : 1083.5,
    "minResTime" : 416.0,
    "maxResTime" : 9013.0,
    "pct1ResTime" : 2505.8,
    "pct2ResTime" : 3154.75,
    "pct3ResTime" : 6113.95,
    "throughput" : 30.476654882360112,
    "receivedKBytesPerSec" : 76.43789095833841,
    "sentKBytesPerSec" : 20.77412608192125
  }
}